,name,types,HP,attack,defense,special_attack,special_defense,speed,Total stats
0,Bulbasaur,Grass Poison,45,49,49,49,65,65,318
1,Ivysaur,Grass Poison,60,62,62,63,80,80,405
2,Venusaur,Grass Poison,80,82,82,83,100,100,525
3,Venusaur,Grass Poison,80,100,100,123,122,120,625
4,Charmander,Fire ,39,52,52,43,60,50,309
5,Charmeleon,Fire ,58,64,64,58,80,65,405
6,Charizard,Fire Flying,78,84,84,78,109,85,534
7,Charizard,Fire Dragon,78,130,130,111,130,85,634
8,Charizard,Fire Flying,78,104,104,78,159,115,634
9,Squirtle,Water ,44,48,48,65,50,64,314
10,Wartortle,Water ,59,63,63,80,65,80,405
11,Blastoise,Water ,79,83,83,100,85,105,530
12,Blastoise,Water ,79,103,103,120,135,115,630
13,Caterpie,Bug ,45,30,30,35,20,20,195
14,Metapod,Bug ,50,20,20,55,25,25,205
15,Butterfree,Bug Flying,60,45,45,50,90,80,395
16,Weedle,Bug Poison,40,35,35,30,20,20,195
17,Kakuna,Bug Poison,45,25,25,50,25,25,205
18,Beedrill,Bug Poison,65,90,90,40,45,80,395
19,Beedrill,Bug Poison,65,150,150,40,15,80,495
20,Pidgey,Normal Flying,40,45,45,40,35,35,251
21,Pidgeotto,Normal Flying,63,60,60,55,50,50,349
22,Pidgeot,Normal Flying,83,80,80,75,70,70,479
23,Pidgeot,Normal Flying,83,80,80,80,135,80,579
24,Rattata,Normal ,30,56,56,35,25,35,253
25,Rattata,Dark Normal,30,56,56,35,25,35,253
26,Raticate,Normal ,55,81,81,60,50,70,413
27,Raticate,Dark Normal,75,71,71,70,40,80,413
28,Spearow,Normal Flying,40,60,60,30,31,31,262
29,Fearow,Normal Flying,65,90,90,65,61,61,442
30,Ekans,Poison ,35,60,60,44,40,54,288
31,Arbok,Poison ,60,95,95,69,65,79,448
32,Pikachu,Electric ,35,55,55,40,50,50,320
33,Pikachu,Electric ,45,80,80,50,75,60,430
34,Raichu,Electric ,60,90,90,55,90,80,485
35,Raichu,Electric Psychic,60,85,85,50,95,85,485
36,Sandshrew,Ground ,50,75,75,85,20,30,300
37,Sandshrew,Ice Steel,50,75,75,90,10,35,300
38,Sandslash,Ground ,75,100,100,110,45,55,450
39,Sandslash,Ice Steel,75,100,100,120,25,65,450
40,Nidoran♀,Poison ,55,47,47,52,40,40,275
41,Nidorina,Poison ,70,62,62,67,55,55,365
42,Nidoqueen,Poison Ground,90,92,92,87,75,85,505
43,Nidoran♂,Poison ,46,57,57,40,40,40,273
44,Nidorino,Poison ,61,72,72,57,55,55,365
45,Nidoking,Poison Ground,81,102,102,77,85,75,505
46,Clefairy,Fairy ,70,45,45,48,60,65,323
47,Clefable,Fairy ,95,70,70,73,95,90,483
48,Vulpix,Fire ,38,41,41,40,50,65,299
49,Vulpix,Ice ,38,41,41,40,50,65,299
50,Ninetales,Fire ,73,76,76,75,81,100,505
51,Ninetales,Ice Fairy,73,67,67,75,81,100,505
52,Jigglypuff,Normal Fairy,115,45,45,20,45,25,270
53,Wigglytuff,Normal Fairy,140,70,70,45,85,50,435
54,Zubat,Poison Flying,40,45,45,35,30,40,245
55,Golbat,Poison Flying,75,80,80,70,65,75,455
56,Oddish,Grass Poison,45,50,50,55,75,65,320
57,Gloom,Grass Poison,60,65,65,70,85,75,395
58,Vileplume,Grass Poison,75,80,80,85,110,90,490
59,Paras,Bug Grass,35,70,70,55,45,55,285
60,Parasect,Bug Grass,60,95,95,80,60,80,405
61,Venonat,Bug Poison,60,55,55,50,40,55,305
62,Venomoth,Bug Poison,70,65,65,60,90,75,450
63,Diglett,Ground ,10,55,55,25,35,45,265
64,Diglett,Ground Steel,10,55,55,30,35,45,265
65,Dugtrio,Ground ,35,100,100,50,50,70,425
66,Dugtrio,Ground Steel,35,100,100,60,50,70,425
67,Meowth,Normal ,40,45,45,35,40,40,290
68,Meowth,Dark ,40,35,35,35,50,40,290
69,Meowth,Steel ,50,65,65,55,40,40,290
70,Persian,Normal ,65,70,70,60,65,65,440
71,Persian,Dark ,65,60,60,60,75,65,440
72,Psyduck,Water ,50,52,52,48,65,50,320
73,Golduck,Water ,80,82,82,78,95,80,500
74,Mankey,Fighting ,40,80,80,35,35,45,305
75,Primeape,Fighting ,65,105,105,60,60,70,455
76,Growlithe,Fire ,55,70,70,45,70,50,350
77,Arcanine,Fire ,90,110,110,80,100,80,555
78,Poliwag,Water ,40,50,50,40,40,40,300
79,Poliwhirl,Water ,65,65,65,65,50,50,385
80,Poliwrath,Water Fighting,90,95,95,95,70,90,510
81,Abra,Psychic ,25,20,20,15,105,55,310
82,Kadabra,Psychic ,40,35,35,30,120,70,400
83,Alakazam,Psychic ,55,50,50,45,135,95,500
84,Alakazam,Psychic ,55,50,50,65,175,105,600
85,Machop,Fighting ,70,80,80,50,35,35,305
86,Machoke,Fighting ,80,100,100,70,50,60,405
87,Machamp,Fighting ,90,130,130,80,65,85,505
88,Bellsprout,Grass Poison,50,75,75,35,70,30,300
89,Weepinbell,Grass Poison,65,90,90,50,85,45,390
90,Victreebel,Grass Poison,80,105,105,65,100,70,490
91,Tentacool,Water Poison,40,40,40,35,50,100,335
92,Tentacruel,Water Poison,80,70,70,65,80,120,515
93,Geodude,Rock Ground,40,80,80,100,30,30,300
94,Geodude,Rock Electric,40,80,80,100,30,30,300
95,Graveler,Rock Ground,55,95,95,115,45,45,390
96,Graveler,Rock Electric,55,95,95,115,45,45,390
97,Golem,Rock Ground,80,120,120,130,55,65,495
98,Golem,Rock Electric,80,120,120,130,55,65,495
99,Ponyta,Fire ,50,85,85,55,65,65,410
100,Ponyta,Psychic ,50,85,85,55,65,65,410
101,Rapidash,Fire ,65,100,100,70,80,80,500
102,Rapidash,Psychic Fairy,65,100,100,70,80,80,500
103,Slowpoke,Water Psychic,90,65,65,65,40,40,315
104,Slowpoke,Psychic ,90,65,65,65,40,40,315
105,Slowbro,Water Psychic,95,75,75,110,100,80,490
106,Slowbro,Water Psychic,95,75,75,180,130,80,590
107,Slowbro,Poison Psychic,95,100,100,95,100,70,490
108,Magnemite,Electric Steel,25,35,35,70,95,55,325
109,Magneton,Electric Steel,50,60,60,95,120,70,465
110,Farfetch'd,Normal Flying,52,90,90,55,58,62,377
111,Farfetch'd,Fighting ,52,95,95,55,58,62,377
112,Doduo,Normal Flying,35,85,85,45,35,35,310
113,Dodrio,Normal Flying,60,110,110,70,60,60,470
114,Seel,Water ,65,45,45,55,45,70,325
115,Dewgong,Water Ice,90,70,70,80,70,95,475
116,Grimer,Poison ,80,80,80,50,40,50,325
117,Grimer,Poison Dark,80,80,80,50,40,50,325
118,Muk,Poison ,105,105,105,75,65,100,500
119,Muk,Poison Dark,105,105,105,75,65,100,500
120,Shellder,Water ,30,65,65,100,45,25,305
121,Cloyster,Water Ice,50,95,95,180,85,45,525
122,Gastly,Ghost Poison,30,35,35,30,100,35,310
123,Haunter,Ghost Poison,45,50,50,45,115,55,405
124,Gengar,Ghost Poison,60,65,65,60,130,75,500
125,Gengar,Ghost Poison,60,65,65,80,170,95,600
126,Onix,Rock Ground,35,45,45,160,30,45,385
127,Drowzee,Psychic ,60,48,48,45,43,90,328
128,Hypno,Psychic ,85,73,73,70,73,115,483
129,Krabby,Water ,30,105,105,90,25,25,325
130,Kingler,Water ,55,130,130,115,50,50,475
131,Voltorb,Electric ,40,30,30,50,55,55,330
132,Electrode,Electric ,60,50,50,70,80,80,490
133,Exeggcute,Grass Psychic,60,40,40,80,60,45,325
134,Exeggutor,Grass Psychic,95,95,95,85,125,75,530
135,Exeggutor,Grass Dragon,95,105,105,85,125,75,530
136,Cubone,Ground ,50,50,50,95,40,50,320
137,Marowak,Ground ,60,80,80,110,50,80,425
138,Marowak,Fire Ghost,60,80,80,110,50,80,425
139,Hitmonlee,Fighting ,50,120,120,53,35,110,455
140,Hitmonchan,Fighting ,50,105,105,79,35,110,455
141,Lickitung,Normal ,90,55,55,75,60,75,385
142,Koffing,Poison ,40,65,65,95,60,45,340
143,Weezing,Poison ,65,90,90,120,85,70,490
144,Weezing,Poison Fairy,65,90,90,120,85,70,490
145,Rhyhorn,Ground Rock,80,85,85,95,30,30,345
146,Rhydon,Ground Rock,105,130,130,120,45,45,485
147,Chansey,Normal ,250,5,5,5,35,105,450
148,Tangela,Grass ,65,55,55,115,100,40,435
149,Kangaskhan,Normal ,105,95,95,80,40,80,490
150,Kangaskhan,Normal ,105,125,125,100,60,100,590
151,Horsea,Water ,30,40,40,70,70,25,295
152,Seadra,Water ,55,65,65,95,95,45,440
153,Goldeen,Water ,45,67,67,60,35,50,320
154,Seaking,Water ,80,92,92,65,65,80,450
155,Staryu,Water ,30,45,45,55,70,55,340
156,Starmie,Water Psychic,60,75,75,85,100,85,520
157,Mr. Mime,Psychic Fairy,40,45,45,65,100,120,460
158,Mr. Mime,Ice Psychic,50,65,65,65,90,90,460
159,Scyther,Bug Flying,70,110,110,80,55,80,500
160,Jynx,Ice Psychic,65,50,50,35,115,95,455
161,Electabuzz,Electric ,65,83,83,57,95,85,490
162,Magmar,Fire ,65,95,95,57,100,85,495
163,Pinsir,Bug ,65,125,125,100,55,70,500
164,Pinsir,Bug Flying,65,155,155,120,65,90,600
165,Tauros,Normal ,75,100,100,95,40,70,490
166,Magikarp,Water ,20,10,10,55,15,20,200
167,Gyarados,Water Flying,95,125,125,79,60,100,540
168,Gyarados,Water Dark,95,155,155,109,70,130,640
169,Lapras,Water Ice,130,85,85,80,85,95,535
170,Ditto,Normal ,48,48,48,48,48,48,288
171,Eevee,Normal ,55,55,55,50,45,65,325
172,Eevee,Normal ,65,75,75,70,65,85,435
173,Vaporeon,Water ,130,65,65,60,110,95,525
174,Jolteon,Electric ,65,65,65,60,110,95,525
175,Flareon,Fire ,65,130,130,60,95,110,525
176,Porygon,Normal ,65,60,60,70,85,75,395
177,Omanyte,Rock Water,35,40,40,100,90,55,355
178,Omastar,Rock Water,70,60,60,125,115,70,495
179,Kabuto,Rock Water,30,80,80,90,55,45,355
180,Kabutops,Rock Water,60,115,115,105,65,70,495
181,Aerodactyl,Rock Flying,80,105,105,65,60,75,515
182,Aerodactyl,Rock Flying,80,135,135,85,70,95,615
183,Snorlax,Normal ,160,110,110,65,65,110,540
184,Articuno,Ice Flying,90,85,85,100,95,125,580
185,Articuno,Psychic Flying,90,85,85,85,125,100,580
186,Zapdos,Electric Flying,90,90,90,85,125,90,580
187,Zapdos,Fighting Flying,90,125,125,90,85,90,580
188,Moltres,Fire Flying,90,100,100,90,125,85,580
189,Moltres,Dark Flying,90,85,85,90,100,125,580
190,Dratini,Dragon ,41,64,64,45,50,50,300
191,Dragonair,Dragon ,61,84,84,65,70,70,420
192,Dragonite,Dragon Flying,91,134,134,95,100,100,600
193,Mewtwo,Psychic ,106,110,110,90,154,90,680
194,Mewtwo,Psychic Fighting,106,190,190,100,154,100,780
195,Mewtwo,Psychic ,106,150,150,70,194,120,780
196,Mew,Psychic ,100,100,100,100,100,100,600
197,Chikorita,Grass ,45,49,49,65,49,65,318
198,Bayleef,Grass ,60,62,62,80,63,80,405
199,Meganium,Grass ,80,82,82,100,83,100,525
200,Cyndaquil,Fire ,39,52,52,43,60,50,309
201,Quilava,Fire ,58,64,64,58,80,65,405
202,Typhlosion,Fire ,78,84,84,78,109,85,534
203,Totodile,Water ,50,65,65,64,44,48,314
204,Croconaw,Water ,65,80,80,80,59,63,405
205,Feraligatr,Water ,85,105,105,100,79,83,530
206,Sentret,Normal ,35,46,46,34,35,45,215
207,Furret,Normal ,85,76,76,64,45,55,415
208,Hoothoot,Normal Flying,60,30,30,30,36,56,262
209,Noctowl,Normal Flying,100,50,50,50,86,96,452
210,Ledyba,Bug Flying,40,20,20,30,40,80,265
211,Ledian,Bug Flying,55,35,35,50,55,110,390
212,Spinarak,Bug Poison,40,60,60,40,40,40,250
213,Ariados,Bug Poison,70,90,90,70,60,70,400
214,Crobat,Poison Flying,85,90,90,80,70,80,535
215,Chinchou,Water Electric,75,38,38,38,56,56,330
216,Lanturn,Water Electric,125,58,58,58,76,76,460
217,Pichu,Electric ,20,40,40,15,35,35,205
218,Cleffa,Fairy ,50,25,25,28,45,55,218
219,Igglybuff,Normal Fairy,90,30,30,15,40,20,210
220,Togepi,Fairy ,35,20,20,65,40,65,245
221,Togetic,Fairy Flying,55,40,40,85,80,105,405
222,Natu,Psychic Flying,40,50,50,45,70,45,320
223,Xatu,Psychic Flying,65,75,75,70,95,70,470
224,Mareep,Electric ,55,40,40,40,65,45,280
225,Flaaffy,Electric ,70,55,55,55,80,60,365
226,Ampharos,Electric ,90,75,75,85,115,90,510
227,Ampharos,Electric Dragon,90,95,95,105,165,110,610
228,Bellossom,Grass ,75,80,80,95,90,100,490
229,Marill,Water Fairy,70,20,20,50,20,50,250
230,Azumarill,Water Fairy,100,50,50,80,60,80,420
231,Sudowoodo,Rock ,70,100,100,115,30,65,410
232,Politoed,Water ,90,75,75,75,90,100,500
233,Hoppip,Grass Flying,35,35,35,40,35,55,250
234,Skiploom,Grass Flying,55,45,45,50,45,65,340
235,Jumpluff,Grass Flying,75,55,55,70,55,95,460
236,Aipom,Normal ,55,70,70,55,40,55,360
237,Sunkern,Grass ,30,30,30,30,30,30,180
238,Sunflora,Grass ,75,75,75,55,105,85,425
239,Yanma,Bug Flying,65,65,65,45,75,45,390
240,Wooper,Water Ground,55,45,45,45,25,25,210
241,Quagsire,Water Ground,95,85,85,85,65,65,430
242,Espeon,Psychic ,65,65,65,60,130,95,525
243,Umbreon,Dark ,95,65,65,110,60,130,525
244,Murkrow,Dark Flying,60,85,85,42,85,42,405
245,Slowking,Water Psychic,95,75,75,80,100,110,490
246,Slowking,Poison Psychic,95,65,65,80,110,110,490
247,Misdreavus,Ghost ,60,60,60,60,85,85,435
248,Unown,Psychic ,48,72,72,48,72,48,336
249,Wobbuffet,Psychic ,190,33,33,58,33,58,405
250,Girafarig,Normal Psychic,70,80,80,65,90,65,455
251,Pineco,Bug ,50,65,65,90,35,35,290
252,Forretress,Bug Steel,75,90,90,140,60,60,465
253,Dunsparce,Normal ,100,70,70,70,65,65,415
254,Gligar,Ground Flying,65,75,75,105,35,65,430
255,Steelix,Steel Ground,75,85,85,200,55,65,510
256,Steelix,Steel Ground,75,125,125,230,55,95,610
257,Snubbull,Fairy ,60,80,80,50,40,40,300
258,Granbull,Fairy ,90,120,120,75,60,60,450
259,Qwilfish,Water Poison,65,95,95,85,55,55,440
260,Scizor,Bug Steel,70,130,130,100,55,80,500
261,Scizor,Bug Steel,70,150,150,140,65,100,600
262,Shuckle,Bug Rock,20,10,10,230,10,230,505
263,Heracross,Bug Fighting,80,125,125,75,40,95,500
264,Heracross,Bug Fighting,80,185,185,115,40,105,600
265,Sneasel,Dark Ice,55,95,95,55,35,75,430
266,Teddiursa,Normal ,60,80,80,50,50,50,330
267,Ursaring,Normal ,90,130,130,75,75,75,500
268,Slugma,Fire ,40,40,40,40,70,40,250
269,Magcargo,Fire Rock,60,50,50,120,90,80,430
270,Swinub,Ice Ground,50,50,50,40,30,30,250
271,Piloswine,Ice Ground,100,100,100,80,60,60,450
272,Corsola,Water Rock,65,55,55,95,65,95,410
273,Corsola,Ghost ,60,55,55,100,65,100,410
274,Remoraid,Water ,35,65,65,35,65,35,300
275,Octillery,Water ,75,105,105,75,105,75,480
276,Delibird,Ice Flying,45,55,55,45,65,45,330
277,Mantine,Water Flying,85,40,40,70,80,140,485
278,Skarmory,Steel Flying,65,80,80,140,40,70,465
279,Houndour,Dark Fire,45,60,60,30,80,50,330
280,Houndoom,Dark Fire,75,90,90,50,110,80,500
281,Houndoom,Dark Fire,75,90,90,90,140,90,600
282,Kingdra,Water Dragon,75,95,95,95,95,95,540
283,Phanpy,Ground ,90,60,60,60,40,40,330
284,Donphan,Ground ,90,120,120,120,60,60,500
285,Porygon2,Normal ,85,80,80,90,105,95,515
286,Stantler,Normal ,73,95,95,62,85,65,465
287,Smeargle,Normal ,55,20,20,35,20,45,250
288,Tyrogue,Fighting ,35,35,35,35,35,35,210
289,Hitmontop,Fighting ,50,95,95,95,35,110,455
290,Smoochum,Ice Psychic,45,30,30,15,85,65,305
291,Elekid,Electric ,45,63,63,37,65,55,360
292,Magby,Fire ,45,75,75,37,70,55,365
293,Miltank,Normal ,95,80,80,105,40,70,490
294,Blissey,Normal ,255,10,10,10,75,135,540
295,Raikou,Electric ,90,85,85,75,115,100,580
296,Entei,Fire ,115,115,115,85,90,75,580
297,Suicune,Water ,100,75,75,115,90,115,580
298,Larvitar,Rock Ground,50,64,64,50,45,50,300
299,Pupitar,Rock Ground,70,84,84,70,65,70,410
300,Tyranitar,Rock Dark,100,134,134,110,95,100,600
301,Tyranitar,Rock Dark,100,164,164,150,95,120,700
302,Lugia,Psychic Flying,106,90,90,130,90,154,680
303,Ho-oh,Fire Flying,106,130,130,90,110,154,680
304,Celebi,Psychic Grass,100,100,100,100,100,100,600
305,Treecko,Grass ,40,45,45,35,65,55,310
306,Grovyle,Grass ,50,65,65,45,85,65,405
307,Sceptile,Grass ,70,85,85,65,105,85,530
308,Sceptile,Grass Dragon,70,110,110,75,145,85,630
309,Torchic,Fire ,45,60,60,40,70,50,310
310,Combusken,Fire Fighting,60,85,85,60,85,60,405
311,Blaziken,Fire Fighting,80,120,120,70,110,70,530
312,Blaziken,Fire Fighting,80,160,160,80,130,80,630
313,Mudkip,Water ,50,70,70,50,50,50,310
314,Marshtomp,Water Ground,70,85,85,70,60,70,405
315,Swampert,Water Ground,100,110,110,90,85,90,535
316,Swampert,Water Ground,100,150,150,110,95,110,635
317,Poochyena,Dark ,35,55,55,35,30,30,220
318,Mightyena,Dark ,70,90,90,70,60,60,420
319,Zigzagoon,Normal ,38,30,30,41,30,41,240
320,Zigzagoon,Dark Normal,38,30,30,41,30,41,240
321,Linoone,Normal ,78,70,70,61,50,61,420
322,Linoone,Dark Normal,78,70,70,61,50,61,420
323,Wurmple,Bug ,45,45,45,35,20,30,195
324,Silcoon,Bug ,50,35,35,55,25,25,205
325,Beautifly,Bug Flying,60,70,70,50,100,50,395
326,Cascoon,Bug ,50,35,35,55,25,25,205
327,Dustox,Bug Poison,60,50,50,70,50,90,385
328,Lotad,Water Grass,40,30,30,30,40,50,220
329,Lombre,Water Grass,60,50,50,50,60,70,340
330,Ludicolo,Water Grass,80,70,70,70,90,100,480
331,Seedot,Grass ,40,40,40,50,30,30,220
332,Nuzleaf,Grass Dark,70,70,70,40,60,40,340
333,Shiftry,Grass Dark,90,100,100,60,90,60,480
334,Taillow,Normal Flying,40,55,55,30,30,30,270
335,Swellow,Normal Flying,60,85,85,60,75,50,455
336,Wingull,Water Flying,40,30,30,30,55,30,270
337,Pelipper,Water Flying,60,50,50,100,95,70,440
338,Ralts,Psychic Fairy,28,25,25,25,45,35,198
339,Kirlia,Psychic Fairy,38,35,35,35,65,55,278
340,Gardevoir,Psychic Fairy,68,65,65,65,125,115,518
341,Gardevoir,Psychic Fairy,68,85,85,65,165,135,618
342,Surskit,Bug Water,40,30,30,32,50,52,269
343,Masquerain,Bug Flying,70,60,60,62,100,82,454
344,Shroomish,Grass ,60,40,40,60,40,60,295
345,Breloom,Grass Fighting,60,130,130,80,60,60,460
346,Slakoth,Normal ,60,60,60,60,35,35,280
347,Vigoroth,Normal ,80,80,80,80,55,55,440
348,Slaking,Normal ,150,160,160,100,95,65,670
349,Nincada,Bug Ground,31,45,45,90,30,30,266
350,Ninjask,Bug Flying,61,90,90,45,50,50,456
351,Shedinja,Bug Ghost,1,90,90,45,30,30,236
352,Whismur,Normal ,64,51,51,23,51,23,240
353,Loudred,Normal ,84,71,71,43,71,43,360
354,Exploud,Normal ,104,91,91,63,91,73,490
355,Makuhita,Fighting ,72,60,60,30,20,30,237
356,Hariyama,Fighting ,144,120,120,60,40,60,474
357,Azurill,Normal Fairy,50,20,20,40,20,40,190
358,Nosepass,Rock ,30,45,45,135,45,90,375
359,Skitty,Normal ,50,45,45,45,35,35,260
360,Delcatty,Normal ,70,65,65,65,55,55,400
361,Sableye,Dark Ghost,50,75,75,75,65,65,380
362,Sableye,Dark Ghost,50,85,85,125,85,115,480
363,Mawile,Steel Fairy,50,85,85,85,55,55,380
364,Mawile,Steel Fairy,50,105,105,125,55,95,480
365,Aron,Steel Rock,50,70,70,100,40,40,330
366,Lairon,Steel Rock,60,90,90,140,50,50,430
367,Aggron,Steel Rock,70,110,110,180,60,60,530
368,Aggron,Steel ,70,140,140,230,60,80,630
369,Meditite,Fighting Psychic,30,40,40,55,40,55,280
370,Medicham,Fighting Psychic,60,60,60,75,60,75,410
371,Medicham,Fighting Psychic,60,100,100,85,80,85,510
372,Electrike,Electric ,40,45,45,40,65,40,295
373,Manectric,Electric ,70,75,75,60,105,60,475
374,Manectric,Electric ,70,75,75,80,135,80,575
375,Plusle,Electric ,60,50,50,40,85,75,405
376,Minun,Electric ,60,40,40,50,75,85,405
377,Volbeat,Bug ,65,73,73,75,47,85,430
378,Illumise,Bug ,65,47,47,75,73,85,430
379,Roselia,Grass Poison,50,60,60,45,100,80,400
380,Gulpin,Poison ,70,43,43,53,43,53,302
381,Swalot,Poison ,100,73,73,83,73,83,467
382,Carvanha,Water Dark,45,90,90,20,65,20,305
383,Sharpedo,Water Dark,70,120,120,40,95,40,460
384,Sharpedo,Water Dark,70,140,140,70,110,65,560
385,Wailmer,Water ,130,70,70,35,70,35,400
386,Wailord,Water ,170,90,90,45,90,45,500
387,Numel,Fire Ground,60,60,60,40,65,45,305
388,Camerupt,Fire Ground,70,100,100,70,105,75,460
389,Camerupt,Fire Ground,70,120,120,100,145,105,560
390,Torkoal,Fire ,70,85,85,140,85,70,470
391,Spoink,Psychic ,60,25,25,35,70,80,330
392,Grumpig,Psychic ,80,45,45,65,90,110,470
393,Spinda,Normal ,60,60,60,60,60,60,360
394,Trapinch,Ground ,45,100,100,45,45,45,290
395,Vibrava,Ground Dragon,50,70,70,50,50,50,340
396,Flygon,Ground Dragon,80,100,100,80,80,80,520
397,Cacnea,Grass ,50,85,85,40,85,40,335
398,Cacturne,Grass Dark,70,115,115,60,115,60,475
399,Swablu,Normal Flying,45,40,40,60,40,75,310
400,Altaria,Dragon Flying,75,70,70,90,70,105,490
401,Altaria,Dragon Fairy,75,110,110,110,110,105,590
402,Zangoose,Normal ,73,115,115,60,60,60,458
403,Seviper,Poison ,73,100,100,60,100,60,458
404,Lunatone,Rock Psychic,90,55,55,65,95,85,460
405,Solrock,Rock Psychic,90,95,95,85,55,65,460
406,Barboach,Water Ground,50,48,48,43,46,41,288
407,Whiscash,Water Ground,110,78,78,73,76,71,468
408,Corphish,Water ,43,80,80,65,50,35,308
409,Crawdaunt,Water Dark,63,120,120,85,90,55,468
410,Baltoy,Ground Psychic,40,40,40,55,40,70,300
411,Claydol,Ground Psychic,60,70,70,105,70,120,500
412,Lileep,Rock Grass,66,41,41,77,61,87,355
413,Cradily,Rock Grass,86,81,81,97,81,107,495
414,Anorith,Rock Bug,45,95,95,50,40,50,355
415,Armaldo,Rock Bug,75,125,125,100,70,80,495
416,Feebas,Water ,20,15,15,20,10,55,200
417,Milotic,Water ,95,60,60,79,100,125,540
418,Castform,Normal ,70,70,70,70,70,70,420
419,Castform,Fire ,70,70,70,70,70,70,420
420,Castform,Water ,70,70,70,70,70,70,420
421,Castform,Ice ,70,70,70,70,70,70,420
422,Kecleon,Normal ,60,90,90,70,60,120,440
423,Shuppet,Ghost ,44,75,75,35,63,33,295
424,Banette,Ghost ,64,115,115,65,83,63,455
425,Banette,Ghost ,64,165,165,75,93,83,555
426,Duskull,Ghost ,20,40,40,90,30,90,295
427,Dusclops,Ghost ,40,70,70,130,60,130,455
428,Tropius,Grass Flying,99,68,68,83,72,87,460
429,Chimecho,Psychic ,75,50,50,80,95,90,455
430,Absol,Dark ,65,130,130,60,75,60,465
431,Absol,Dark ,65,150,150,60,115,60,565
432,Wynaut,Psychic ,95,23,23,48,23,48,260
433,Snorunt,Ice ,50,50,50,50,50,50,300
434,Glalie,Ice ,80,80,80,80,80,80,480
435,Glalie,Ice ,80,120,120,80,120,80,580
436,Spheal,Ice Water,70,40,40,50,55,50,290
437,Sealeo,Ice Water,90,60,60,70,75,70,410
438,Walrein,Ice Water,110,80,80,90,95,90,530
439,Clamperl,Water ,35,64,64,85,74,55,345
440,Huntail,Water ,55,104,104,105,94,75,485
441,Gorebyss,Water ,55,84,84,105,114,75,485
442,Relicanth,Water Rock,100,90,90,130,45,65,485
443,Luvdisc,Water ,43,30,30,55,40,65,330
444,Bagon,Dragon ,45,75,75,60,40,30,300
445,Shelgon,Dragon ,65,95,95,100,60,50,420
446,Salamence,Dragon Flying,95,135,135,80,110,80,600
447,Salamence,Dragon Flying,95,145,145,130,120,90,700
448,Beldum,Steel Psychic,40,55,55,80,35,60,300
449,Metang,Steel Psychic,60,75,75,100,55,80,420
450,Metagross,Steel Psychic,80,135,135,130,95,90,600
451,Metagross,Steel Psychic,80,145,145,150,105,110,700
452,Regirock,Rock ,80,100,100,200,50,100,580
453,Regice,Ice ,80,50,50,100,100,200,580
454,Registeel,Steel ,80,75,75,150,75,150,580
455,Latias,Dragon Psychic,80,80,80,90,110,130,600
456,Latias,Dragon Psychic,80,100,100,120,140,150,700
457,Latios,Dragon Psychic,80,90,90,80,130,110,600
458,Latios,Dragon Psychic,80,130,130,100,160,120,700
459,Kyogre,Water ,100,100,100,90,150,140,670
460,Kyogre,Water ,100,150,150,90,180,160,770
461,Groudon,Ground ,100,150,150,140,100,90,670
462,Groudon,Ground Fire,100,180,180,160,150,90,770
463,Rayquaza,Dragon Flying,105,150,150,90,150,90,680
464,Rayquaza,Dragon Flying,105,180,180,100,180,100,780
465,Jirachi,Steel Psychic,100,100,100,100,100,100,600
466,Deoxys,Psychic ,50,150,150,50,150,50,600
467,Deoxys,Psychic ,50,180,180,20,180,20,600
468,Deoxys,Psychic ,50,70,70,160,70,160,600
469,Deoxys,Psychic ,50,95,95,90,95,90,600
470,Turtwig,Grass ,55,68,68,64,45,55,318
471,Grotle,Grass ,75,89,89,85,55,65,405
472,Torterra,Grass Ground,95,109,109,105,75,85,525
473,Chimchar,Fire ,44,58,58,44,58,44,309
474,Monferno,Fire Fighting,64,78,78,52,78,52,405
475,Infernape,Fire Fighting,76,104,104,71,104,71,534
476,Piplup,Water ,53,51,51,53,61,56,314
477,Prinplup,Water ,64,66,66,68,81,76,405
478,Empoleon,Water Steel,84,86,86,88,111,101,530
479,Starly,Normal Flying,40,55,55,30,30,30,245
480,Staravia,Normal Flying,55,75,75,50,40,40,340
481,Staraptor,Normal Flying,85,120,120,70,50,60,485
482,Bidoof,Normal ,59,45,45,40,35,40,250
483,Bibarel,Normal Water,79,85,85,60,55,60,410
484,Kricketot,Bug ,37,25,25,41,25,41,194
485,Kricketune,Bug ,77,85,85,51,55,51,384
486,Shinx,Electric ,45,65,65,34,40,34,263
487,Luxio,Electric ,60,85,85,49,60,49,363
488,Luxray,Electric ,80,120,120,79,95,79,523
489,Budew,Grass Poison,40,30,30,35,50,70,280
490,Roserade,Grass Poison,60,70,70,65,125,105,515
491,Cranidos,Rock ,67,125,125,40,30,30,350
492,Rampardos,Rock ,97,165,165,60,65,50,495
493,Shieldon,Rock Steel,30,42,42,118,42,88,350
494,Bastiodon,Rock Steel,60,52,52,168,47,138,495
495,Burmy,Bug ,40,29,29,45,29,45,224
496,Wormadam,Bug Grass,60,59,59,85,79,105,424
497,Wormadam,Bug Ground,60,79,79,105,59,85,424
498,Wormadam,Bug Steel,60,69,69,95,69,95,424
499,Mothim,Bug Flying,70,94,94,50,94,50,424
500,Combee,Bug Flying,30,30,30,42,30,42,244
501,Vespiquen,Bug Flying,70,80,80,102,80,102,474
502,Pachirisu,Electric ,60,45,45,70,45,90,405
503,Buizel,Water ,55,65,65,35,60,30,330
504,Floatzel,Water ,85,105,105,55,85,50,495
505,Cherubi,Grass ,45,35,35,45,62,53,275
506,Cherrim,Grass ,70,60,60,70,87,78,450
507,Shellos,Water ,76,48,48,48,57,62,325
508,Gastrodon,Water Ground,111,83,83,68,92,82,475
509,Ambipom,Normal ,75,100,100,66,60,66,482
510,Drifloon,Ghost Flying,90,50,50,34,60,44,348
511,Drifblim,Ghost Flying,150,80,80,44,90,54,498
512,Buneary,Normal ,55,66,66,44,44,56,350
513,Lopunny,Normal ,65,76,76,84,54,96,480
514,Lopunny,Normal Fighting,65,136,136,94,54,96,580
515,Mismagius,Ghost ,60,60,60,60,105,105,495
516,Honchkrow,Dark Flying,100,125,125,52,105,52,505
517,Glameow,Normal ,49,55,55,42,42,37,310
518,Purugly,Normal ,71,82,82,64,64,59,452
519,Chingling,Psychic ,45,30,30,50,65,50,285
520,Stunky,Poison Dark,63,63,63,47,41,41,329
521,Skuntank,Poison Dark,103,93,93,67,71,61,479
522,Bronzor,Steel Psychic,57,24,24,86,24,86,300
523,Bronzong,Steel Psychic,67,89,89,116,79,116,500
524,Bonsly,Rock ,50,80,80,95,10,45,290
525,Mime Jr.,Psychic Fairy,20,25,25,45,70,90,310
526,Happiny,Normal ,100,5,5,5,15,65,220
527,Chatot,Normal Flying,76,65,65,45,92,42,411
528,Spiritomb,Ghost Dark,50,92,92,108,92,108,485
529,Gible,Dragon Ground,58,70,70,45,40,45,300
530,Gabite,Dragon Ground,68,90,90,65,50,55,410
531,Garchomp,Dragon Ground,108,130,130,95,80,85,600
532,Garchomp,Dragon Ground,108,170,170,115,120,95,700
533,Munchlax,Normal ,135,85,85,40,40,85,390
534,Riolu,Fighting ,40,70,70,40,35,40,285
535,Lucario,Fighting Steel,70,110,110,70,115,70,525
536,Lucario,Fighting Steel,70,145,145,88,140,70,625
537,Hippopotas,Ground ,68,72,72,78,38,42,330
538,Hippowdon,Ground ,108,112,112,118,68,72,525
539,Skorupi,Poison Bug,40,50,50,90,30,55,330
540,Drapion,Poison Dark,70,90,90,110,60,75,500
541,Croagunk,Poison Fighting,48,61,61,40,61,40,300
542,Toxicroak,Poison Fighting,83,106,106,65,86,65,490
543,Carnivine,Grass ,74,100,100,72,90,72,454
544,Finneon,Water ,49,49,49,56,49,61,330
545,Lumineon,Water ,69,69,69,76,69,86,460
546,Mantyke,Water Flying,45,20,20,50,60,120,345
547,Snover,Grass Ice,60,62,62,50,62,60,334
548,Abomasnow,Grass Ice,90,92,92,75,92,85,494
549,Abomasnow,Grass Ice,90,132,132,105,132,105,594
550,Weavile,Dark Ice,70,120,120,65,45,85,510
551,Magnezone,Electric Steel,70,70,70,115,130,90,535
552,Lickilicky,Normal ,110,85,85,95,80,95,515
553,Rhyperior,Ground Rock,115,140,140,130,55,55,535
554,Tangrowth,Grass ,100,100,100,125,110,50,535
555,Electivire,Electric ,75,123,123,67,95,85,540
556,Magmortar,Fire ,75,95,95,67,125,95,540
557,Togekiss,Fairy Flying,85,50,50,95,120,115,545
558,Yanmega,Bug Flying,86,76,76,86,116,56,515
559,Leafeon,Grass ,65,110,110,130,60,65,525
560,Glaceon,Ice ,65,60,60,110,130,95,525
561,Gliscor,Ground Flying,75,95,95,125,45,75,510
562,Mamoswine,Ice Ground,110,130,130,80,70,60,530
563,Porygon-Z,Normal ,85,80,80,70,135,75,535
564,Gallade,Psychic Fighting,68,125,125,65,65,115,518
565,Gallade,Psychic Fighting,68,165,165,95,65,115,618
566,Probopass,Rock Steel,60,55,55,145,75,150,525
567,Dusknoir,Ghost ,45,100,100,135,65,135,525
568,Froslass,Ice Ghost,70,80,80,70,80,70,480
569,Rotom,Electric Ghost,50,50,50,77,95,77,440
570,Rotom,Electric Fire,50,65,65,107,105,107,520
571,Rotom,Electric Water,50,65,65,107,105,107,520
572,Rotom,Electric Ice,50,65,65,107,105,107,520
573,Rotom,Electric Flying,50,65,65,107,105,107,520
574,Rotom,Electric Grass,50,65,65,107,105,107,520
575,Uxie,Psychic ,75,75,75,130,75,130,580
576,Mesprit,Psychic ,80,105,105,105,105,105,580
577,Azelf,Psychic ,75,125,125,70,125,70,580
578,Dialga,Steel Dragon,100,120,120,120,150,100,680
579,Palkia,Water Dragon,90,120,120,100,150,120,680
580,Heatran,Fire Steel,91,90,90,106,130,106,600
581,Regigigas,Normal ,110,160,160,110,80,110,670
582,Giratina,Ghost Dragon,150,100,100,120,100,120,680
583,Giratina,Ghost Dragon,150,120,120,100,120,100,680
584,Cresselia,Psychic ,120,70,70,120,75,130,600
585,Phione,Water ,80,80,80,80,80,80,480
586,Manaphy,Water ,100,100,100,100,100,100,600
587,Darkrai,Dark ,70,90,90,90,135,90,600
588,Shaymin,Grass ,100,100,100,100,100,100,600
589,Shaymin,Grass Flying,100,103,103,75,120,75,600
590,Arceus,Normal ,120,120,120,120,120,120,720
591,Victini,Psychic Fire,100,100,100,100,100,100,600
592,Snivy,Grass ,45,45,45,55,45,55,308
593,Servine,Grass ,60,60,60,75,60,75,413
594,Serperior,Grass ,75,75,75,95,75,95,528
595,Tepig,Fire ,65,63,63,45,45,45,308
596,Pignite,Fire Fighting,90,93,93,55,70,55,418
597,Emboar,Fire Fighting,110,123,123,65,100,65,528
598,Oshawott,Water ,55,55,55,45,63,45,308
599,Dewott,Water ,75,75,75,60,83,60,413
600,Samurott,Water ,95,100,100,85,108,70,528
601,Patrat,Normal ,45,55,55,39,35,39,255
602,Watchog,Normal ,60,85,85,69,60,69,420
603,Lillipup,Normal ,45,60,60,45,25,45,275
604,Herdier,Normal ,65,80,80,65,35,65,370
605,Stoutland,Normal ,85,110,110,90,45,90,500
606,Purrloin,Dark ,41,50,50,37,50,37,281
607,Liepard,Dark ,64,88,88,50,88,50,446
608,Pansage,Grass ,50,53,53,48,53,48,316
609,Simisage,Grass ,75,98,98,63,98,63,498
610,Pansear,Fire ,50,53,53,48,53,48,316
611,Simisear,Fire ,75,98,98,63,98,63,498
612,Panpour,Water ,50,53,53,48,53,48,316
613,Simipour,Water ,75,98,98,63,98,63,498
614,Munna,Psychic ,76,25,25,45,67,55,292
615,Musharna,Psychic ,116,55,55,85,107,95,487
616,Pidove,Normal Flying,50,55,55,50,36,30,264
617,Tranquill,Normal Flying,62,77,77,62,50,42,358
618,Unfezant,Normal Flying,80,115,115,80,65,55,488
619,Blitzle,Electric ,45,60,60,32,50,32,295
620,Zebstrika,Electric ,75,100,100,63,80,63,497
621,Roggenrola,Rock ,55,75,75,85,25,25,280
622,Boldore,Rock ,70,105,105,105,50,40,390
623,Gigalith,Rock ,85,135,135,130,60,80,515
624,Woobat,Psychic Flying,65,45,45,43,55,43,323
625,Swoobat,Psychic Flying,67,57,57,55,77,55,425
626,Drilbur,Ground ,60,85,85,40,30,45,328
627,Excadrill,Ground Steel,110,135,135,60,50,65,508
628,Audino,Normal ,103,60,60,86,60,86,445
629,Audino,Normal Fairy,103,60,60,126,80,126,545
630,Timburr,Fighting ,75,80,80,55,25,35,305
631,Gurdurr,Fighting ,85,105,105,85,40,50,405
632,Conkeldurr,Fighting ,105,140,140,95,55,65,505
633,Tympole,Water ,50,50,50,40,50,40,294
634,Palpitoad,Water Ground,75,65,65,55,65,55,384
635,Seismitoad,Water Ground,105,95,95,75,85,75,509
636,Throh,Fighting ,120,100,100,85,30,85,465
637,Sawk,Fighting ,75,125,125,75,30,75,465
638,Sewaddle,Bug Grass,45,53,53,70,40,60,310
639,Swadloon,Bug Grass,55,63,63,90,50,80,380
640,Leavanny,Bug Grass,75,103,103,80,70,80,500
641,Venipede,Bug Poison,30,45,45,59,30,39,260
642,Whirlipede,Bug Poison,40,55,55,99,40,79,360
643,Scolipede,Bug Poison,60,100,100,89,55,69,485
644,Cottonee,Grass Fairy,40,27,27,60,37,50,280
645,Whimsicott,Grass Fairy,60,67,67,85,77,75,480
646,Petilil,Grass ,45,35,35,50,70,50,280
647,Lilligant,Grass ,70,60,60,75,110,75,480
648,Basculin,Water ,70,92,92,65,80,55,460
649,Basculin,Water ,70,92,92,65,80,55,460
650,Sandile,Ground Dark,50,72,72,35,35,35,292
651,Krokorok,Ground Dark,60,82,82,45,45,45,351
652,Krookodile,Ground Dark,95,117,117,80,65,70,519
653,Darumaka,Fire ,70,90,90,45,15,45,315
654,Darumaka,Ice ,70,90,90,45,15,45,315
655,Darmanitan,Fire ,105,140,140,55,30,55,480
656,Darmanitan,Fire Psychic,105,30,30,105,140,105,540
657,Darmanitan,Ice ,105,140,140,55,30,55,480
658,Darmanitan,Ice Fire,105,160,160,55,30,55,540
659,Maractus,Grass ,75,86,86,67,106,67,461
660,Dwebble,Bug Rock,50,65,65,85,35,35,325
661,Crustle,Bug Rock,70,105,105,125,65,75,485
662,Scraggy,Dark Fighting,50,75,75,70,35,70,348
663,Scrafty,Dark Fighting,65,90,90,115,45,115,488
664,Sigilyph,Psychic Flying,72,58,58,80,103,80,490
665,Yamask,Ghost ,38,30,30,85,55,65,303
666,Yamask,Ground Ghost,38,55,55,85,30,65,303
667,Cofagrigus,Ghost ,58,50,50,145,95,105,483
668,Tirtouga,Water Rock,54,78,78,103,53,45,355
669,Carracosta,Water Rock,74,108,108,133,83,65,495
670,Archen,Rock Flying,55,112,112,45,74,45,401
671,Archeops,Rock Flying,75,140,140,65,112,65,567
672,Trubbish,Poison ,50,50,50,62,40,62,329
673,Garbodor,Poison ,80,95,95,82,60,82,474
674,Zorua,Dark ,40,65,65,40,80,40,330
675,Zoroark,Dark ,60,105,105,60,120,60,510
676,Minccino,Normal ,55,50,50,40,40,40,300
677,Cinccino,Normal ,75,95,95,60,65,60,470
678,Gothita,Psychic ,45,30,30,50,55,65,290
679,Gothorita,Psychic ,60,45,45,70,75,85,390
680,Gothitelle,Psychic ,70,55,55,95,95,110,490
681,Solosis,Psychic ,45,30,30,40,105,50,290
682,Duosion,Psychic ,65,40,40,50,125,60,370
683,Reuniclus,Psychic ,110,65,65,75,125,85,490
684,Ducklett,Water Flying,62,44,44,50,44,50,305
685,Swanna,Water Flying,75,87,87,63,87,63,473
686,Vanillite,Ice ,36,50,50,50,65,60,305
687,Vanillish,Ice ,51,65,65,65,80,75,395
688,Vanilluxe,Ice ,71,95,95,85,110,95,535
689,Deerling,Normal Grass,60,60,60,50,40,50,335
690,Sawsbuck,Normal Grass,80,100,100,70,60,70,475
691,Emolga,Electric Flying,55,75,75,60,75,60,428
692,Karrablast,Bug ,50,75,75,45,40,45,315
693,Escavalier,Bug Steel,70,135,135,105,60,105,495
694,Foongus,Grass Poison,69,55,55,45,55,55,294
695,Amoonguss,Grass Poison,114,85,85,70,85,80,464
696,Frillish,Water Ghost,55,40,40,50,65,85,335
697,Jellicent,Water Ghost,100,60,60,70,85,105,480
698,Alomomola,Water ,165,75,75,80,40,45,470
699,Joltik,Bug Electric,50,47,47,50,57,50,319
700,Galvantula,Bug Electric,70,77,77,60,97,60,472
701,Ferroseed,Grass Steel,44,50,50,91,24,86,305
702,Ferrothorn,Grass Steel,74,94,94,131,54,116,489
703,Klink,Steel ,40,55,55,70,45,60,300
704,Klang,Steel ,60,80,80,95,70,85,440
705,Klinklang,Steel ,60,100,100,115,70,85,520
706,Tynamo,Electric ,35,55,55,40,45,40,275
707,Eelektrik,Electric ,65,85,85,70,75,70,405
708,Eelektross,Electric ,85,115,115,80,105,80,515
709,Elgyem,Psychic ,55,55,55,55,85,55,335
710,Beheeyem,Psychic ,75,75,75,75,125,95,485
711,Litwick,Ghost Fire,50,30,30,55,65,55,275
712,Lampent,Ghost Fire,60,40,40,60,95,60,370
713,Chandelure,Ghost Fire,60,55,55,90,145,90,520
714,Axew,Dragon ,46,87,87,60,30,40,320
715,Fraxure,Dragon ,66,117,117,70,40,50,410
716,Haxorus,Dragon ,76,147,147,90,60,70,540
717,Cubchoo,Ice ,55,70,70,40,60,40,305
718,Beartic,Ice ,95,130,130,80,70,80,505
719,Cryogonal,Ice ,80,50,50,50,95,135,515
720,Shelmet,Bug ,50,40,40,85,40,65,305
721,Accelgor,Bug ,80,70,70,40,100,60,495
722,Stunfisk,Ground Electric,109,66,66,84,81,99,471
723,Stunfisk,Ground Steel,109,81,81,99,66,84,471
724,Mienfoo,Fighting ,45,85,85,50,55,50,350
725,Mienshao,Fighting ,65,125,125,60,95,60,510
726,Druddigon,Dragon ,77,120,120,90,60,90,485
727,Golett,Ground Ghost,59,74,74,50,35,50,303
728,Golurk,Ground Ghost,89,124,124,80,55,80,483
729,Pawniard,Dark Steel,45,85,85,70,40,40,340
730,Bisharp,Dark Steel,65,125,125,100,60,70,490
731,Bouffalant,Normal ,95,110,110,95,40,95,490
732,Rufflet,Normal Flying,70,83,83,50,37,50,350
733,Braviary,Normal Flying,100,123,123,75,57,75,510
734,Vullaby,Dark Flying,70,55,55,75,45,65,370
735,Mandibuzz,Dark Flying,110,65,65,105,55,95,510
736,Heatmor,Fire ,85,97,97,66,105,66,484
737,Durant,Bug Steel,58,109,109,112,48,48,484
738,Deino,Dark Dragon,52,65,65,50,45,50,300
739,Zweilous,Dark Dragon,72,85,85,70,65,70,420
740,Hydreigon,Dark Dragon,92,105,105,90,125,90,600
741,Larvesta,Bug Fire,55,85,85,55,50,55,360
742,Volcarona,Bug Fire,85,60,60,65,135,105,550
743,Cobalion,Steel Fighting,91,90,90,129,90,72,580
744,Terrakion,Rock Fighting,91,129,129,90,72,90,580
745,Virizion,Grass Fighting,91,90,90,72,90,129,580
746,Tornadus,Flying ,79,115,115,70,125,80,580
747,Tornadus,Flying ,79,100,100,80,110,90,580
748,Thundurus,Electric Flying,79,115,115,70,125,80,580
749,Thundurus,Electric Flying,79,105,105,70,145,80,580
750,Reshiram,Dragon Fire,100,120,120,100,150,120,680
751,Zekrom,Dragon Electric,100,150,150,120,120,100,680
752,Landorus,Ground Flying,89,125,125,90,115,80,600
753,Landorus,Ground Flying,89,145,145,90,105,80,600
754,Kyurem,Dragon Ice,125,130,130,90,130,90,660
755,Kyurem,Dragon Ice,125,170,170,100,120,90,700
756,Kyurem,Dragon Ice,125,120,120,90,170,100,700
757,Keldeo,Water Fighting,91,72,72,90,129,90,580
758,Keldeo,Water Fighting,91,72,72,90,129,90,580
759,Meloetta,Normal Psychic,100,77,77,77,128,128,600
760,Meloetta,Normal Fighting,100,128,128,90,77,77,600
761,Genesect,Bug Steel,71,120,120,95,120,95,600
762,Chespin,Grass ,56,61,61,65,48,45,313
763,Quilladin,Grass ,61,78,78,95,56,58,405
764,Chesnaught,Grass Fighting,88,107,107,122,74,75,530
765,Fennekin,Fire ,40,45,45,40,62,60,307
766,Braixen,Fire ,59,59,59,58,90,70,409
767,Delphox,Fire Psychic,75,69,69,72,114,100,534
768,Froakie,Water ,41,56,56,40,62,44,314
769,Frogadier,Water ,54,63,63,52,83,56,405
770,Greninja,Water Dark,72,95,95,67,103,71,530
771,Greninja,Water Dark,72,145,145,67,153,71,640
772,Bunnelby,Normal ,38,36,36,38,32,36,237
773,Diggersby,Normal Ground,85,56,56,77,50,77,423
774,Fletchling,Normal Flying,45,50,50,43,40,38,278
775,Fletchinder,Fire Flying,62,73,73,55,56,52,382
776,Talonflame,Fire Flying,78,81,81,71,74,69,499
777,Scatterbug,Bug ,38,35,35,40,27,25,200
778,Spewpa,Bug ,45,22,22,60,27,30,213
779,Vivillon,Bug Flying,80,52,52,50,90,50,411
780,Litleo,Fire Normal,62,50,50,58,73,54,369
781,Pyroar,Fire Normal,86,68,68,72,109,66,507
782,Flabébé,Fairy ,44,38,38,39,61,79,303
783,Floette,Fairy ,54,45,45,47,75,98,371
784,Florges,Fairy ,78,65,65,68,112,154,552
785,Skiddo,Grass ,66,65,65,48,62,57,350
786,Gogoat,Grass ,123,100,100,62,97,81,531
787,Pancham,Fighting ,67,82,82,62,46,48,348
788,Pangoro,Fighting Dark,95,124,124,78,69,71,495
789,Furfrou,Normal ,75,80,80,60,65,90,472
790,Espurr,Psychic ,62,48,48,54,63,60,355
791,Meowstic,Psychic ,74,48,48,76,83,81,466
792,Meowstic,Psychic ,74,48,48,76,83,81,466
793,Honedge,Steel Ghost,45,80,80,100,35,37,325
794,Doublade,Steel Ghost,59,110,110,150,45,49,448
795,Aegislash,Steel Ghost,60,50,50,140,50,140,500
796,Aegislash,Steel Ghost,60,140,140,50,140,50,500
797,Spritzee,Fairy ,78,52,52,60,63,65,341
798,Aromatisse,Fairy ,101,72,72,72,99,89,462
799,Swirlix,Fairy ,62,48,48,66,59,57,341
800,Slurpuff,Fairy ,82,80,80,86,85,75,480
801,Inkay,Dark Psychic,53,54,54,53,37,46,288
802,Malamar,Dark Psychic,86,92,92,88,68,75,482
803,Binacle,Rock Water,42,52,52,67,39,56,306
804,Barbaracle,Rock Water,72,105,105,115,54,86,500
805,Skrelp,Poison Water,50,60,60,60,60,60,320
806,Dragalge,Poison Dragon,65,75,75,90,97,123,494
807,Clauncher,Water ,50,53,53,62,58,63,330
808,Clawitzer,Water ,71,73,73,88,120,89,500
809,Helioptile,Electric Normal,44,38,38,33,61,43,289
810,Heliolisk,Electric Normal,62,55,55,52,109,94,481
811,Tyrunt,Rock Dragon,58,89,89,77,45,45,362
812,Tyrantrum,Rock Dragon,82,121,121,119,69,59,521
813,Amaura,Rock Ice,77,59,59,50,67,63,362
814,Aurorus,Rock Ice,123,77,77,72,99,92,521
815,Sylveon,Fairy ,95,65,65,65,110,130,525
816,Hawlucha,Fighting Flying,78,92,92,75,74,63,500
817,Dedenne,Electric Fairy,67,58,58,57,81,67,431
818,Carbink,Rock Fairy,50,50,50,150,50,150,500
819,Goomy,Dragon ,45,50,50,35,55,75,300
820,Sliggoo,Dragon ,68,75,75,53,83,113,452
821,Goodra,Dragon ,90,100,100,70,110,150,600
822,Klefki,Steel Fairy,57,80,80,91,80,87,470
823,Phantump,Ghost Grass,43,70,70,48,50,60,309
824,Trevenant,Ghost Grass,85,110,110,76,65,82,474
825,Pumpkaboo,Ghost Grass,49,66,66,70,44,55,335
826,Pumpkaboo,Ghost Grass,44,66,66,70,44,55,335
827,Pumpkaboo,Ghost Grass,54,66,66,70,44,55,335
828,Pumpkaboo,Ghost Grass,59,66,66,70,44,55,335
829,Gourgeist,Ghost Grass,65,90,90,122,58,75,494
830,Gourgeist,Ghost Grass,55,85,85,122,58,75,494
831,Gourgeist,Ghost Grass,75,95,95,122,58,75,494
832,Gourgeist,Ghost Grass,85,100,100,122,58,75,494
833,Bergmite,Ice ,55,69,69,85,32,35,304
834,Avalugg,Ice ,95,117,117,184,44,46,514
835,Noibat,Flying Dragon,40,30,30,35,45,40,245
836,Noivern,Flying Dragon,85,70,70,80,97,80,535
837,Xerneas,Fairy ,126,131,131,95,131,98,680
838,Yveltal,Dark Flying,126,131,131,95,131,98,680
839,Zygarde,Dragon Ground,108,100,100,121,81,95,600
840,Zygarde,Dragon Ground,54,100,100,71,61,85,486
841,Zygarde,Dragon Ground,216,100,100,121,91,95,708
842,Diancie,Rock Fairy,50,100,100,150,100,150,600
843,Diancie,Rock Fairy,50,160,160,110,160,110,700
844,Hoopa,Psychic Ghost,80,110,110,60,150,130,600
845,Hoopa,Psychic Dark,80,160,160,60,170,130,680
846,Volcanion,Fire Water,80,110,110,120,130,90,600
847,Rowlet,Grass Flying,68,55,55,55,50,50,320
848,Dartrix,Grass Flying,78,75,75,75,70,70,420
849,Decidueye,Grass Ghost,78,107,107,75,100,100,530
850,Litten,Fire ,45,65,65,40,60,40,320
851,Torracat,Fire ,65,85,85,50,80,50,420
852,Incineroar,Fire Dark,95,115,115,90,80,90,530
853,Popplio,Water ,50,54,54,54,66,56,320
854,Brionne,Water ,60,69,69,69,91,81,420
855,Primarina,Water Fairy,80,74,74,74,126,116,530
856,Pikipek,Normal Flying,35,75,75,30,30,30,265
857,Trumbeak,Normal Flying,55,85,85,50,40,50,355
858,Toucannon,Normal Flying,80,120,120,75,75,75,485
859,Yungoos,Normal ,48,70,70,30,30,30,253
860,Gumshoos,Normal ,88,110,110,60,55,60,418
861,Grubbin,Bug ,47,62,62,45,55,45,300
862,Charjabug,Bug Electric,57,82,82,95,55,75,400
863,Vikavolt,Bug Electric,77,70,70,90,145,75,500
864,Crabrawler,Fighting ,47,82,82,57,42,47,338
865,Crabominable,Fighting Ice,97,132,132,77,62,67,478
866,Oricorio,Fire Flying,75,70,70,70,98,70,476
867,Oricorio,Electric Flying,75,70,70,70,98,70,476
868,Oricorio,Psychic Flying,75,70,70,70,98,70,476
869,Oricorio,Ghost Flying,75,70,70,70,98,70,476
870,Cutiefly,Bug Fairy,40,45,45,40,55,40,304
871,Ribombee,Bug Fairy,60,55,55,60,95,70,464
872,Rockruff,Rock ,45,65,65,40,30,40,280
873,Rockruff,Rock ,45,65,65,40,30,40,280
874,Lycanroc,Rock ,75,115,115,65,55,65,487
875,Lycanroc,Rock ,85,115,115,75,55,75,487
876,Lycanroc,Rock ,75,117,117,65,55,65,487
877,Wishiwashi,Water ,45,20,20,20,25,25,175
878,Wishiwashi,Water ,45,140,140,130,140,135,620
879,Mareanie,Poison Water,50,53,53,62,43,52,305
880,Toxapex,Poison Water,50,63,63,152,53,142,495
881,Mudbray,Ground ,70,100,100,70,45,55,385
882,Mudsdale,Ground ,100,125,125,100,55,85,500
883,Dewpider,Water Bug,38,40,40,52,40,72,269
884,Araquanid,Water Bug,68,70,70,92,50,132,454
885,Fomantis,Grass ,40,55,55,35,50,35,250
886,Lurantis,Grass ,70,105,105,90,80,90,480
887,Morelull,Grass Fairy,40,35,35,55,65,75,285
888,Shiinotic,Grass Fairy,60,45,45,80,90,100,405
889,Salandit,Poison Fire,48,44,44,40,71,40,320
890,Salazzle,Poison Fire,68,64,64,60,111,60,480
891,Stufful,Normal Fighting,70,75,75,50,45,50,340
892,Bewear,Normal Fighting,120,125,125,80,55,60,500
893,Bounsweet,Grass ,42,30,30,38,30,38,210
894,Steenee,Grass ,52,40,40,48,40,48,290
895,Tsareena,Grass ,72,120,120,98,50,98,510
896,Comfey,Fairy ,51,52,52,90,82,110,485
897,Oranguru,Normal Psychic,90,60,60,80,90,110,490
898,Passimian,Fighting ,100,120,120,90,40,60,490
899,Wimpod,Bug Water,25,35,35,40,20,30,230
900,Golisopod,Bug Water,75,125,125,140,60,90,530
901,Sandygast,Ghost Ground,55,55,55,80,70,45,320
902,Palossand,Ghost Ground,85,75,75,110,100,75,480
903,Pyukumuku,Water ,55,60,60,130,30,130,410
904,Type: Null,Normal ,95,95,95,95,95,95,534
905,Silvally,Normal ,95,95,95,95,95,95,570
906,Minior,Rock Flying,60,60,60,100,60,100,440
907,Minior,Rock Flying,60,100,100,60,100,60,500
908,Komala,Normal ,65,115,115,65,75,95,480
909,Turtonator,Fire Dragon,60,78,78,135,91,85,485
910,Togedemaru,Electric Steel,65,98,98,63,40,73,435
911,Mimikyu,Ghost Fairy,55,90,90,80,50,105,476
912,Bruxish,Water Psychic,68,105,105,70,70,70,475
913,Drampa,Normal Dragon,78,60,60,85,135,91,485
914,Dhelmise,Ghost Grass,70,131,131,100,86,90,517
915,Jangmo-o,Dragon ,45,55,55,65,45,45,300
916,Hakamo-o,Dragon Fighting,55,75,75,90,65,70,420
917,Kommo-o,Dragon Fighting,75,110,110,125,100,105,600
918,Tapu Koko,Electric Fairy,70,115,115,85,95,75,570
919,Tapu Lele,Psychic Fairy,70,85,85,75,130,115,570
920,Tapu Bulu,Grass Fairy,70,130,130,115,85,95,570
921,Tapu Fini,Water Fairy,70,75,75,115,95,130,570
922,Cosmog,Psychic ,43,29,29,31,29,31,200
923,Cosmoem,Psychic ,43,29,29,131,29,131,400
924,Solgaleo,Psychic Steel,137,137,137,107,113,89,680
925,Lunala,Psychic Ghost,137,113,113,89,137,107,680
926,Nihilego,Rock Poison,109,53,53,47,127,131,570
927,Buzzwole,Bug Fighting,107,139,139,139,53,53,570
928,Pheromosa,Bug Fighting,71,137,137,37,137,37,570
929,Xurkitree,Electric ,83,89,89,71,173,71,570
930,Celesteela,Steel Flying,97,101,101,103,107,101,570
931,Kartana,Grass Steel,59,181,181,131,59,31,570
932,Guzzlord,Dark Dragon,223,101,101,53,97,53,570
933,Necrozma,Psychic ,97,107,107,101,127,89,600
934,Necrozma,Psychic Steel,97,157,157,127,113,109,680
935,Necrozma,Psychic Ghost,97,113,113,109,157,127,680
936,Necrozma,Psychic Dragon,97,167,167,97,167,97,754
937,Magearna,Steel Fairy,80,95,95,115,130,115,600
938,Marshadow,Fighting Ghost,90,125,125,80,90,90,600
939,Poipole,Poison ,67,73,73,67,73,67,420
940,Naganadel,Poison Dragon,73,73,73,73,127,73,540
941,Stakataka,Rock Steel,61,131,131,211,53,101,570
942,Blacephalon,Fire Ghost,53,127,127,53,151,79,570
943,Zeraora,Electric ,88,112,112,75,102,80,600
944,Meltan,Steel ,46,65,65,65,55,35,300
945,Melmetal,Steel ,135,143,143,143,80,65,600
946,Grookey,Grass ,50,65,65,50,40,40,310
947,Thwackey,Grass ,70,85,85,70,55,60,420
948,Rillaboom,Grass ,100,125,125,90,60,70,530
949,Scorbunny,Fire ,50,71,71,40,40,40,310
950,Raboot,Fire ,65,86,86,60,55,60,420
951,Cinderace,Fire ,80,116,116,75,65,75,530
952,Sobble,Water ,50,40,40,40,70,40,310
953,Drizzile,Water ,65,60,60,55,95,55,420
954,Inteleon,Water ,70,85,85,65,125,65,530
955,Skwovet,Normal ,70,55,55,55,35,35,275
956,Greedent,Normal ,120,95,95,95,55,75,460
957,Rookidee,Flying ,38,47,47,35,33,35,245
958,Corvisquire,Flying ,68,67,67,55,43,55,365
959,Corviknight,Flying Steel,98,87,87,105,53,85,495
960,Blipbug,Bug ,25,20,20,20,25,45,180
961,Dottler,Bug Psychic,50,35,35,80,50,90,335
962,Orbeetle,Bug Psychic,60,45,45,110,80,120,505
963,Nickit,Dark ,40,28,28,28,47,52,245
964,Thievul,Dark ,70,58,58,58,87,92,455
965,Gossifleur,Grass ,40,40,40,60,40,60,250
966,Eldegoss,Grass ,60,50,50,90,80,120,460
967,Wooloo,Normal ,42,40,40,55,40,45,270
968,Dubwool,Normal ,72,80,80,100,60,90,490
969,Chewtle,Water ,50,64,64,50,38,38,284
970,Drednaw,Water Rock,90,115,115,90,48,68,485
971,Yamper,Electric ,59,45,45,50,40,50,270
972,Boltund,Electric ,69,90,90,60,90,60,490
973,Rolycoly,Rock ,30,40,40,50,40,50,240
974,Carkol,Rock Fire,80,60,60,90,60,70,410
975,Coalossal,Rock Fire,110,80,80,120,80,90,510
976,Applin,Grass Dragon,40,40,40,80,40,40,260
977,Flapple,Grass Dragon,70,110,110,80,95,60,485
978,Appletun,Grass Dragon,110,85,85,80,100,80,485
979,Silicobra,Ground ,52,57,57,75,35,50,315
980,Sandaconda,Ground ,72,107,107,125,65,70,510
981,Cramorant,Flying Water,70,85,85,55,85,95,475
982,Arrokuda,Water ,41,63,63,40,40,30,280
983,Barraskewda,Water ,61,123,123,60,60,50,490
984,Toxel,Electric Poison,40,38,38,35,54,35,242
985,Toxtricity,Electric Poison,75,98,98,70,114,70,502
986,Toxtricity,Electric Poison,75,98,98,70,114,70,502
987,Sizzlipede,Fire Bug,50,65,65,45,50,50,305
988,Centiskorch,Fire Bug,100,115,115,65,90,90,525
989,Clobbopus,Fighting ,50,68,68,60,50,50,310
990,Grapploct,Fighting ,80,118,118,90,70,80,480
991,Sinistea,Ghost ,40,45,45,45,74,54,308
992,Polteageist,Ghost ,60,65,65,65,134,114,508
993,Hatenna,Psychic ,42,30,30,45,56,53,265
994,Hattrem,Psychic ,57,40,40,65,86,73,370
995,Hatterene,Psychic Fairy,57,90,90,95,136,103,510
996,Impidimp,Dark Fairy,45,45,45,30,55,40,265
997,Morgrem,Dark Fairy,65,60,60,45,75,55,370
998,Grimmsnarl,Dark Fairy,95,120,120,65,95,75,510
999,Obstagoon,Dark Normal,93,90,90,101,60,81,520
1000,Perrserker,Steel ,70,110,110,100,50,60,440
1001,Cursola,Ghost ,60,95,95,50,145,130,510
1002,Sirfetch'd,Fighting ,62,135,135,95,68,82,507
1003,Mr. Rime,Ice Psychic,80,85,85,75,110,100,520
1004,Runerigus,Ground Ghost,58,95,95,145,50,105,483
1005,Milcery,Fairy ,45,40,40,40,50,61,270
1006,Alcremie,Fairy ,65,60,60,75,110,121,495
1007,Falinks,Fighting ,65,100,100,100,70,60,470
1008,Pincurchin,Electric ,48,101,101,95,91,85,435
1009,Snom,Ice Bug,30,25,25,35,45,30,185
1010,Frosmoth,Ice Bug,70,65,65,60,125,90,475
1011,Stonjourner,Rock ,100,125,125,135,20,20,470
1012,Eiscue,Ice ,75,80,80,110,65,90,470
1013,Eiscue,Ice ,75,80,80,70,65,50,470
1014,Indeedee,Psychic Normal,60,65,65,55,105,95,475
1015,Indeedee,Psychic Normal,70,55,55,65,95,105,475
1016,Morpeko,Electric Dark,58,95,95,58,70,58,436
1017,Morpeko,Electric Dark,58,95,95,58,70,58,436
1018,Cufant,Steel ,72,80,80,49,40,49,330
1019,Copperajah,Steel ,122,130,130,69,80,69,500
1020,Dracozolt,Electric Dragon,90,100,100,90,80,70,505
1021,Arctozolt,Electric Ice,90,100,100,90,90,80,505
1022,Dracovish,Water Dragon,90,90,90,100,70,80,505
1023,Arctovish,Water Ice,90,90,90,100,80,90,505
1024,Duraludon,Steel Dragon,70,95,95,115,120,50,535
1025,Dreepy,Dragon Ghost,28,60,60,30,40,30,270
1026,Drakloak,Dragon Ghost,68,80,80,50,60,50,410
1027,Dragapult,Dragon Ghost,88,120,120,75,100,75,600
1028,Zacian,Fairy Steel,92,170,170,115,80,115,720
1029,Zacian,Fairy ,92,130,130,115,80,115,670
1030,Zamazenta,Fighting Steel,92,130,130,145,80,145,720
1031,Zamazenta,Fighting ,92,130,130,115,80,115,670
1032,Eternatus,Poison Dragon,140,85,85,95,145,95,690
1033,Eternatus,Poison Dragon,255,115,115,250,125,250,1125
1034,Kubfu,Fighting ,60,90,90,60,53,50,385
1035,Urshifu,Fighting Dark,100,130,130,100,63,60,550
1036,Urshifu,Fighting Water,100,130,130,100,63,60,550
1037,Zarude,Dark Grass,105,120,120,105,70,95,600
1038,Regieleki,Electric ,80,100,100,50,100,50,580
1039,Regidrago,Dragon ,200,100,100,50,100,50,580
1040,Glastrier,Ice ,100,145,145,130,65,110,580
1041,Spectrier,Ghost ,100,65,65,60,145,80,580
1042,Calyrex,Psychic Grass,100,80,80,80,80,80,500
1043,Calyrex,Psychic Ice,100,165,165,150,85,130,680
1044,Calyrex,Psychic Ghost,100,85,85,80,165,100,680
